,picture,classnumber,date
0,dataset\2009061200.jpg,5,2009061200
1,dataset\2019010100.jpg,1,2019010100
2,dataset\2019010112.jpg,1,2019010112
3,dataset\2019010200.jpg,1,2019010200
4,dataset\2019010212.jpg,1,2019010212
5,dataset\2019010300.jpg,1,2019010300
6,dataset\2019010312.jpg,1,2019010312
7,dataset\2019010400.jpg,1,2019010400
8,dataset\2019010412.jpg,1,2019010412
9,dataset\2019010500.jpg,1,2019010500
10,dataset\2019010512.jpg,1,2019010512
11,dataset\2019010600.jpg,1,2019010600
12,dataset\2019010612.jpg,1,2019010612
13,dataset\2019010700.jpg,1,2019010700
14,dataset\2019010712.jpg,1,2019010712
15,dataset\2019010800.jpg,1,2019010800
16,dataset\2019010812.jpg,1,2019010812
17,dataset\2019010900.jpg,1,2019010900
18,dataset\2019010912.jpg,1,2019010912
19,dataset\2019011000.jpg,1,2019011000
20,dataset\2019011012.jpg,0,2019011012
21,dataset\2019011100.jpg,5,2019011100
22,dataset\2019011112.jpg,1,2019011112
23,dataset\2019011200.jpg,0,2019011200
24,dataset\2019011212.jpg,1,2019011212
25,dataset\2019011300.jpg,1,2019011300
26,dataset\2019011312.jpg,1,2019011312
27,dataset\2019011400.jpg,1,2019011400
28,dataset\2019011412.jpg,1,2019011412
29,dataset\2019011500.jpg,1,2019011500
30,dataset\2019011512.jpg,1,2019011512
31,dataset\2019011600.jpg,1,2019011600
32,dataset\2019011612.jpg,1,2019011612
33,dataset\2019011700.jpg,1,2019011700
34,dataset\2019011712.jpg,1,2019011712
35,dataset\2019011800.jpg,1,2019011800
36,dataset\2019011812.jpg,1,2019011812
37,dataset\2019011900.jpg,1,2019011900
38,dataset\2019011912.jpg,1,2019011912
39,dataset\2019012000.jpg,1,2019012000
40,dataset\2019012012.jpg,1,2019012012
41,dataset\2019012100.jpg,1,2019012100
42,dataset\2019012112.jpg,1,2019012112
43,dataset\2019012200.jpg,1,2019012200
44,dataset\2019012212.jpg,1,2019012212
45,dataset\2019012300.jpg,1,2019012300
46,dataset\2019012312.jpg,1,2019012312
47,dataset\2019012400.jpg,1,2019012400
48,dataset\2019012412.jpg,1,2019012412
49,dataset\2019012500.jpg,1,2019012500
50,dataset\2019012512.jpg,5,2019012512
51,dataset\2019012600.jpg,1,2019012600
52,dataset\2019012612.jpg,0,2019012612
53,dataset\2019012700.jpg,1,2019012700
54,dataset\2019012712.jpg,5,2019012712
55,dataset\2019012800.jpg,5,2019012800
56,dataset\2019012812.jpg,0,2019012812
57,dataset\2019012900.jpg,5,2019012900
58,dataset\2019012912.jpg,1,2019012912
59,dataset\2019013000.jpg,1,2019013000
60,dataset\2019013012.jpg,3,2019013012
61,dataset\2019013100.jpg,1,2019013100
62,dataset\2019013112.jpg,0,2019013112
63,dataset\2019020100.jpg,0,2019020100
64,dataset\2019020112.jpg,1,2019020112
65,dataset\2019020200.jpg,5,2019020200
66,dataset\2019020212.jpg,1,2019020212
67,dataset\2019020300.jpg,1,2019020300
68,dataset\2019020312.jpg,5,2019020312
69,dataset\2019020400.jpg,1,2019020400
70,dataset\2019020412.jpg,1,2019020412
71,dataset\2019020500.jpg,5,2019020500
72,dataset\2019020512.jpg,5,2019020512
73,dataset\2019020600.jpg,0,2019020600
74,dataset\2019020612.jpg,0,2019020612
75,dataset\2019020700.jpg,5,2019020700
76,dataset\2019020712.jpg,5,2019020712
77,dataset\2019020800.jpg,1,2019020800
78,dataset\2019020812.jpg,1,2019020812
79,dataset\2019020900.jpg,1,2019020900
80,dataset\2019020912.jpg,5,2019020912
81,dataset\2019021000.jpg,1,2019021000
82,dataset\2019021012.jpg,1,2019021012
83,dataset\2019021100.jpg,1,2019021100
84,dataset\2019021112.jpg,0,2019021112
85,dataset\2019021200.jpg,1,2019021200
86,dataset\2019021212.jpg,1,2019021212
87,dataset\2019021300.jpg,1,2019021300
88,dataset\2019021312.jpg,0,2019021312
89,dataset\2019021400.jpg,1,2019021400
90,dataset\2019021412.jpg,1,2019021412
91,dataset\2019021500.jpg,1,2019021500
92,dataset\2019021512.jpg,1,2019021512
93,dataset\2019021600.jpg,1,2019021600
94,dataset\2019021612.jpg,1,2019021612
95,dataset\2019021700.jpg,1,2019021700
96,dataset\2019021712.jpg,1,2019021712
97,dataset\2019021800.jpg,1,2019021800
98,dataset\2019021812.jpg,1,2019021812
99,dataset\2019021900.jpg,1,2019021900
100,dataset\2019021912.jpg,1,2019021912
101,dataset\2019022000.jpg,1,2019022000
102,dataset\2019022012.jpg,1,2019022012
103,dataset\2019022100.jpg,1,2019022100
104,dataset\2019022112.jpg,1,2019022112
105,dataset\2019022200.jpg,5,2019022200
106,dataset\2019022212.jpg,1,2019022212
107,dataset\2019022300.jpg,1,2019022300
108,dataset\2019022312.jpg,1,2019022312
109,dataset\2019022400.jpg,1,2019022400
110,dataset\2019022412.jpg,1,2019022412
111,dataset\2019022500.jpg,1,2019022500
112,dataset\2019022512.jpg,1,2019022512
113,dataset\2019022600.jpg,1,2019022600
114,dataset\2019022612.jpg,1,2019022612
115,dataset\2019022700.jpg,1,2019022700
116,dataset\2019022712.jpg,1,2019022712
117,dataset\2019022800.jpg,1,2019022800
118,dataset\2019022812.jpg,1,2019022812
119,dataset\2019030100.jpg,1,2019030100
120,dataset\2019030112.jpg,1,2019030112
121,dataset\2019030200.jpg,1,2019030200
122,dataset\2019030212.jpg,1,2019030212
123,dataset\2019030300.jpg,1,2019030300
124,dataset\2019030312.jpg,1,2019030312
125,dataset\2019030400.jpg,1,2019030400
126,dataset\2019030412.jpg,1,2019030412
127,dataset\2019030500.jpg,1,2019030500
128,dataset\2019030512.jpg,1,2019030512
129,dataset\2019030600.jpg,1,2019030600
130,dataset\2019030612.jpg,1,2019030612
131,dataset\2019030700.jpg,0,2019030700
132,dataset\2019030712.jpg,5,2019030712
133,dataset\2019030800.jpg,1,2019030800
134,dataset\2019030812.jpg,1,2019030812
135,dataset\2019030900.jpg,1,2019030900
136,dataset\2019030912.jpg,1,2019030912
137,dataset\2019031000.jpg,1,2019031000
138,dataset\2019031012.jpg,1,2019031012
139,dataset\2019031100.jpg,0,2019031100
140,dataset\2019031112.jpg,0,2019031112
141,dataset\2019031200.jpg,1,2019031200
142,dataset\2019031212.jpg,1,2019031212
143,dataset\2019031300.jpg,1,2019031300
144,dataset\2019031312.jpg,1,2019031312
145,dataset\2019031400.jpg,1,2019031400
146,dataset\2019031412.jpg,1,2019031412
147,dataset\2019031500.jpg,1,2019031500
148,dataset\2019031512.jpg,1,2019031512
149,dataset\2019031600.jpg,1,2019031600
150,dataset\2019031612.jpg,0,2019031612
151,dataset\2019031700.jpg,1,2019031700
152,dataset\2019031712.jpg,5,2019031712
153,dataset\2019031800.jpg,5,2019031800
154,dataset\2019031812.jpg,5,2019031812
155,dataset\2019031900.jpg,1,2019031900
156,dataset\2019031912.jpg,1,2019031912
157,dataset\2019032000.jpg,1,2019032000
158,dataset\2019032012.jpg,5,2019032012
159,dataset\2019032100.jpg,1,2019032100
160,dataset\2019032112.jpg,1,2019032112
161,dataset\2019032200.jpg,1,2019032200
162,dataset\2019032212.jpg,1,2019032212
163,dataset\2019032300.jpg,1,2019032300
164,dataset\2019032312.jpg,0,2019032312
165,dataset\2019032400.jpg,1,2019032400
166,dataset\2019032412.jpg,5,2019032412
167,dataset\2019032500.jpg,1,2019032500
168,dataset\2019032512.jpg,0,2019032512
169,dataset\2019032600.jpg,5,2019032600
170,dataset\2019032612.jpg,5,2019032612
171,dataset\2019032700.jpg,5,2019032700
172,dataset\2019032712.jpg,5,2019032712
173,dataset\2019032800.jpg,1,2019032800
174,dataset\2019032812.jpg,5,2019032812
175,dataset\2019032900.jpg,1,2019032900
176,dataset\2019032912.jpg,5,2019032912
177,dataset\2019033000.jpg,0,2019033000
178,dataset\2019033012.jpg,0,2019033012
179,dataset\2019033100.jpg,5,2019033100
180,dataset\2019033112.jpg,5,2019033112
181,dataset\2019040100.jpg,1,2019040100
182,dataset\2019040112.jpg,5,2019040112
183,dataset\2019040200.jpg,1,2019040200
184,dataset\2019040212.jpg,0,2019040212
185,dataset\2019040300.jpg,1,2019040300
186,dataset\2019040312.jpg,5,2019040312
187,dataset\2019040400.jpg,5,2019040400
188,dataset\2019040412.jpg,5,2019040412
189,dataset\2019040500.jpg,5,2019040500
190,dataset\2019040512.jpg,5,2019040512
191,dataset\2019040600.jpg,1,2019040600
192,dataset\2019040612.jpg,1,2019040612
193,dataset\2019040700.jpg,5,2019040700
194,dataset\2019040712.jpg,5,2019040712
195,dataset\2019040800.jpg,5,2019040800
196,dataset\2019040812.jpg,5,2019040812
197,dataset\2019040900.jpg,5,2019040900
198,dataset\2019040912.jpg,5,2019040912
199,dataset\2019041000.jpg,5,2019041000
200,dataset\2019041012.jpg,5,2019041012
201,dataset\2019041100.jpg,0,2019041100
202,dataset\2019041112.jpg,5,2019041112
203,dataset\2019041200.jpg,5,2019041200
204,dataset\2019041212.jpg,5,2019041212
205,dataset\2019041300.jpg,5,2019041300
206,dataset\2019041312.jpg,5,2019041312
207,dataset\2019041400.jpg,5,2019041400
208,dataset\2019041412.jpg,5,2019041412
209,dataset\2019041500.jpg,5,2019041500
210,dataset\2019041512.jpg,5,2019041512
211,dataset\2019041600.jpg,5,2019041600
212,dataset\2019041612.jpg,5,2019041612
213,dataset\2019041700.jpg,0,2019041700
214,dataset\2019041712.jpg,5,2019041712
215,dataset\2019041800.jpg,5,2019041800
216,dataset\2019041812.jpg,5,2019041812
217,dataset\2019041900.jpg,5,2019041900
218,dataset\2019041912.jpg,1,2019041912
219,dataset\2019042000.jpg,5,2019042000
220,dataset\2019042012.jpg,5,2019042012
221,dataset\2019042100.jpg,5,2019042100
222,dataset\2019042112.jpg,5,2019042112
223,dataset\2019042200.jpg,5,2019042200
224,dataset\2019042212.jpg,5,2019042212
225,dataset\2019042300.jpg,5,2019042300
226,dataset\2019042312.jpg,5,2019042312
227,dataset\2019042400.jpg,5,2019042400
228,dataset\2019042412.jpg,5,2019042412
229,dataset\2019042500.jpg,5,2019042500
230,dataset\2019042512.jpg,5,2019042512
231,dataset\2019042600.jpg,5,2019042600
232,dataset\2019042612.jpg,5,2019042612
233,dataset\2019042700.jpg,5,2019042700
234,dataset\2019042712.jpg,5,2019042712
235,dataset\2019042800.jpg,5,2019042800
236,dataset\2019042812.jpg,5,2019042812
237,dataset\2019042900.jpg,1,2019042900
238,dataset\2019042912.jpg,5,2019042912
239,dataset\2019043000.jpg,5,2019043000
240,dataset\2019043012.jpg,5,2019043012
241,dataset\2019050100.jpg,5,2019050100
242,dataset\2019050112.jpg,5,2019050112
243,dataset\2019050200.jpg,5,2019050200
244,dataset\2019050212.jpg,5,2019050212
245,dataset\2019050300.jpg,5,2019050300
246,dataset\2019050312.jpg,5,2019050312
247,dataset\2019050400.jpg,5,2019050400
248,dataset\2019050412.jpg,5,2019050412
249,dataset\2019050500.jpg,5,2019050500
250,dataset\2019050512.jpg,5,2019050512
251,dataset\2019050600.jpg,5,2019050600
252,dataset\2019050612.jpg,5,2019050612
253,dataset\2019050700.jpg,5,2019050700
254,dataset\2019050712.jpg,5,2019050712
255,dataset\2019050800.jpg,1,2019050800
256,dataset\2019050812.jpg,5,2019050812
257,dataset\2019050900.jpg,5,2019050900
258,dataset\2019050912.jpg,5,2019050912
259,dataset\2019051000.jpg,5,2019051000
260,dataset\2019051012.jpg,5,2019051012
261,dataset\2019051100.jpg,1,2019051100
262,dataset\2019051112.jpg,1,2019051112
263,dataset\2019051200.jpg,5,2019051200
264,dataset\2019051212.jpg,5,2019051212
265,dataset\2019051300.jpg,5,2019051300
266,dataset\2019051312.jpg,1,2019051312
267,dataset\2019051400.jpg,5,2019051400
268,dataset\2019051412.jpg,5,2019051412
269,dataset\2019051500.jpg,5,2019051500
270,dataset\2019051512.jpg,1,2019051512
271,dataset\2019051600.jpg,5,2019051600
272,dataset\2019051612.jpg,5,2019051612
273,dataset\2019051700.jpg,5,2019051700
274,dataset\2019051712.jpg,5,2019051712
275,dataset\2019051800.jpg,1,2019051800
276,dataset\2019051812.jpg,1,2019051812
277,dataset\2019051900.jpg,5,2019051900
278,dataset\2019051912.jpg,5,2019051912
279,dataset\2019052000.jpg,5,2019052000
280,dataset\2019052012.jpg,5,2019052012
281,dataset\2019052100.jpg,5,2019052100
282,dataset\2019052112.jpg,5,2019052112
283,dataset\2019052200.jpg,5,2019052200
284,dataset\2019052212.jpg,5,2019052212
285,dataset\2019052300.jpg,5,2019052300
286,dataset\2019052312.jpg,5,2019052312
287,dataset\2019052400.jpg,5,2019052400
288,dataset\2019052412.jpg,5,2019052412
289,dataset\2019052500.jpg,1,2019052500
290,dataset\2019052512.jpg,1,2019052512
291,dataset\2019052600.jpg,1,2019052600
292,dataset\2019052612.jpg,5,2019052612
293,dataset\2019052700.jpg,5,2019052700
294,dataset\2019052712.jpg,5,2019052712
295,dataset\2019052800.jpg,5,2019052800
296,dataset\2019052812.jpg,5,2019052812
297,dataset\2019052900.jpg,5,2019052900
298,dataset\2019052912.jpg,5,2019052912
299,dataset\2019053000.jpg,5,2019053000
300,dataset\2019053012.jpg,5,2019053012
301,dataset\2019053100.jpg,0,2019053100
302,dataset\2019053112.jpg,5,2019053112
303,dataset\2019060100.jpg,5,2019060100
304,dataset\2019060112.jpg,5,2019060112
305,dataset\2019060200.jpg,1,2019060200
306,dataset\2019060212.jpg,5,2019060212
307,dataset\2019060300.jpg,5,2019060300
308,dataset\2019060312.jpg,5,2019060312
309,dataset\2019060400.jpg,1,2019060400
310,dataset\2019060412.jpg,5,2019060412
311,dataset\2019060500.jpg,5,2019060500
312,dataset\2019060512.jpg,0,2019060512
313,dataset\2019060600.jpg,5,2019060600
314,dataset\2019060612.jpg,5,2019060612
315,dataset\2019060700.jpg,5,2019060700
316,dataset\2019060712.jpg,5,2019060712
317,dataset\2019060800.jpg,5,2019060800
318,dataset\2019060812.jpg,5,2019060812
319,dataset\2019060900.jpg,5,2019060900
320,dataset\2019060912.jpg,0,2019060912
321,dataset\2019061000.jpg,0,2019061000
322,dataset\2019061012.jpg,0,2019061012
323,dataset\2019061100.jpg,0,2019061100
324,dataset\2019061112.jpg,0,2019061112
325,dataset\2019061200.jpg,5,2019061200
326,dataset\2019061212.jpg,5,2019061212
327,dataset\2019061300.jpg,5,2019061300
328,dataset\2019061312.jpg,5,2019061312
329,dataset\2019061400.jpg,1,2019061400
330,dataset\2019061412.jpg,5,2019061412
331,dataset\2019061500.jpg,5,2019061500
332,dataset\2019061512.jpg,5,2019061512
333,dataset\2019061600.jpg,5,2019061600
334,dataset\2019061612.jpg,5,2019061612
335,dataset\2019061700.jpg,5,2019061700
336,dataset\2019061712.jpg,5,2019061712
337,dataset\2019061800.jpg,5,2019061800
338,dataset\2019061812.jpg,5,2019061812
339,dataset\2019061900.jpg,5,2019061900
340,dataset\2019061912.jpg,5,2019061912
341,dataset\2019062000.jpg,5,2019062000
342,dataset\2019062012.jpg,5,2019062012
343,dataset\2019062100.jpg,5,2019062100
344,dataset\2019062112.jpg,5,2019062112
345,dataset\2019062200.jpg,5,2019062200
346,dataset\2019062212.jpg,5,2019062212
347,dataset\2019062300.jpg,5,2019062300
348,dataset\2019062312.jpg,5,2019062312
349,dataset\2019062400.jpg,5,2019062400
350,dataset\2019062412.jpg,5,2019062412
351,dataset\2019062500.jpg,5,2019062500
352,dataset\2019062512.jpg,5,2019062512
353,dataset\2019062600.jpg,5,2019062600
354,dataset\2019062612.jpg,5,2019062612
355,dataset\2019062700.jpg,5,2019062700
356,dataset\2019062712.jpg,1,2019062712
357,dataset\2019062800.jpg,5,2019062800
358,dataset\2019062812.jpg,5,2019062812
359,dataset\2019062900.jpg,5,2019062900
360,dataset\2019062912.jpg,5,2019062912
361,dataset\2019063000.jpg,5,2019063000
362,dataset\2019063012.jpg,5,2019063012
363,dataset\2019070100.jpg,5,2019070100
364,dataset\2019070112.jpg,5,2019070112
365,dataset\2019070200.jpg,5,2019070200
366,dataset\2019070212.jpg,5,2019070212
367,dataset\2019070300.jpg,5,2019070300
368,dataset\2019070312.jpg,5,2019070312
369,dataset\2019070400.jpg,1,2019070400
370,dataset\2019070412.jpg,5,2019070412
371,dataset\2019070500.jpg,5,2019070500
372,dataset\2019070512.jpg,5,2019070512
373,dataset\2019070600.jpg,5,2019070600
374,dataset\2019070612.jpg,5,2019070612
375,dataset\2019070700.jpg,5,2019070700
376,dataset\2019070712.jpg,5,2019070712
377,dataset\2019070800.jpg,5,2019070800
378,dataset\2019070812.jpg,0,2019070812
379,dataset\2019070900.jpg,5,2019070900
380,dataset\2019070912.jpg,5,2019070912
381,dataset\2019071000.jpg,5,2019071000
382,dataset\2019071012.jpg,1,2019071012
383,dataset\2019071100.jpg,5,2019071100
384,dataset\2019071112.jpg,5,2019071112
385,dataset\2019071200.jpg,5,2019071200
386,dataset\2019071212.jpg,5,2019071212
387,dataset\2019071300.jpg,0,2019071300
388,dataset\2019071312.jpg,5,2019071312
389,dataset\2019071400.jpg,5,2019071400
390,dataset\2019071412.jpg,5,2019071412
391,dataset\2019071500.jpg,5,2019071500
392,dataset\2019071512.jpg,5,2019071512
393,dataset\2019071600.jpg,5,2019071600
394,dataset\2019071612.jpg,5,2019071612
395,dataset\2019071700.jpg,5,2019071700
396,dataset\2019071712.jpg,0,2019071712
397,dataset\2019071800.jpg,5,2019071800
398,dataset\2019071812.jpg,5,2019071812
399,dataset\2019071900.jpg,5,2019071900
400,dataset\2019071912.jpg,5,2019071912
401,dataset\2019072000.jpg,5,2019072000
402,dataset\2019072012.jpg,5,2019072012
403,dataset\2019072100.jpg,5,2019072100
404,dataset\2019072112.jpg,5,2019072112
405,dataset\2019072200.jpg,5,2019072200
406,dataset\2019072212.jpg,5,2019072212
407,dataset\2019072300.jpg,5,2019072300
408,dataset\2019072312.jpg,5,2019072312
409,dataset\2019072400.jpg,5,2019072400
410,dataset\2019072412.jpg,5,2019072412
411,dataset\2019072500.jpg,5,2019072500
412,dataset\2019072512.jpg,5,2019072512
413,dataset\2019072600.jpg,5,2019072600
414,dataset\2019072612.jpg,5,2019072612
415,dataset\2019072700.jpg,5,2019072700
416,dataset\2019072712.jpg,5,2019072712
417,dataset\2019072800.jpg,5,2019072800
418,dataset\2019072812.jpg,5,2019072812
419,dataset\2019072900.jpg,5,2019072900
420,dataset\2019072912.jpg,1,2019072912
421,dataset\2019073000.jpg,1,2019073000
422,dataset\2019073012.jpg,5,2019073012
423,dataset\2019073100.jpg,5,2019073100
424,dataset\2019073112.jpg,5,2019073112
425,dataset\2019080100.jpg,5,2019080100
426,dataset\2019080112.jpg,5,2019080112
427,dataset\2019080200.jpg,5,2019080200
428,dataset\2019080212.jpg,5,2019080212
429,dataset\2019080300.jpg,5,2019080300
430,dataset\2019080312.jpg,5,2019080312
431,dataset\2019080400.jpg,5,2019080400
432,dataset\2019080412.jpg,5,2019080412
433,dataset\2019080500.jpg,5,2019080500
434,dataset\2019080512.jpg,5,2019080512
435,dataset\2019080600.jpg,5,2019080600
436,dataset\2019080612.jpg,5,2019080612
437,dataset\2019080700.jpg,5,2019080700
438,dataset\2019080712.jpg,5,2019080712
439,dataset\2019080800.jpg,5,2019080800
440,dataset\2019080812.jpg,5,2019080812
441,dataset\2019080900.jpg,5,2019080900
442,dataset\2019080912.jpg,5,2019080912
443,dataset\2019081000.jpg,5,2019081000
444,dataset\2019081012.jpg,5,2019081012
445,dataset\2019081100.jpg,5,2019081100
446,dataset\2019081112.jpg,5,2019081112
447,dataset\2019081200.jpg,5,2019081200
448,dataset\2019081212.jpg,5,2019081212
449,dataset\2019081300.jpg,5,2019081300
450,dataset\2019081312.jpg,5,2019081312
451,dataset\2019081400.jpg,5,2019081400
452,dataset\2019081412.jpg,5,2019081412
453,dataset\2019081500.jpg,5,2019081500
454,dataset\2019081512.jpg,5,2019081512
455,dataset\2019081600.jpg,0,2019081600
456,dataset\2019081612.jpg,5,2019081612
457,dataset\2019081700.jpg,5,2019081700
458,dataset\2019081712.jpg,5,2019081712
459,dataset\2019081800.jpg,5,2019081800
460,dataset\2019081812.jpg,5,2019081812
461,dataset\2019081900.jpg,5,2019081900
462,dataset\2019081912.jpg,1,2019081912
463,dataset\2019082000.jpg,1,2019082000
464,dataset\2019082012.jpg,5,2019082012
465,dataset\2019082100.jpg,5,2019082100
466,dataset\2019082112.jpg,5,2019082112
467,dataset\2019082200.jpg,5,2019082200
468,dataset\2019082212.jpg,5,2019082212
469,dataset\2019082300.jpg,5,2019082300
470,dataset\2019082312.jpg,5,2019082312
471,dataset\2019082400.jpg,5,2019082400
472,dataset\2019082412.jpg,5,2019082412
473,dataset\2019082500.jpg,1,2019082500
474,dataset\2019082512.jpg,1,2019082512
475,dataset\2019082600.jpg,1,2019082600
476,dataset\2019082612.jpg,0,2019082612
477,dataset\2019082700.jpg,5,2019082700
478,dataset\2019082712.jpg,5,2019082712
479,dataset\2019082800.jpg,5,2019082800
480,dataset\2019082812.jpg,5,2019082812
481,dataset\2019082900.jpg,5,2019082900
482,dataset\2019082912.jpg,5,2019082912
483,dataset\2019083000.jpg,1,2019083000
484,dataset\2019083012.jpg,5,2019083012
485,dataset\2019083100.jpg,5,2019083100
486,dataset\2019083112.jpg,5,2019083112
487,dataset\2019090100.jpg,5,2019090100
488,dataset\2019090112.jpg,5,2019090112
489,dataset\2019090200.jpg,5,2019090200
490,dataset\2019090212.jpg,5,2019090212
491,dataset\2019090300.jpg,5,2019090300
492,dataset\2019090312.jpg,5,2019090312
493,dataset\2019090400.jpg,5,2019090400
494,dataset\2019090412.jpg,5,2019090412
495,dataset\2019090500.jpg,5,2019090500
496,dataset\2019090512.jpg,5,2019090512
497,dataset\2019090600.jpg,5,2019090600
498,dataset\2019090612.jpg,5,2019090612
499,dataset\2019090700.jpg,5,2019090700
500,dataset\2019090712.jpg,5,2019090712
501,dataset\2019090800.jpg,5,2019090800
502,dataset\2019090812.jpg,5,2019090812
503,dataset\2019090900.jpg,5,2019090900
504,dataset\2019090912.jpg,5,2019090912
505,dataset\2019091000.jpg,5,2019091000
506,dataset\2019091012.jpg,5,2019091012
507,dataset\2019091100.jpg,5,2019091100
508,dataset\2019091112.jpg,5,2019091112
509,dataset\2019091200.jpg,5,2019091200
510,dataset\2019091212.jpg,5,2019091212
511,dataset\2019091300.jpg,5,2019091300
512,dataset\2019091312.jpg,5,2019091312
513,dataset\2019091400.jpg,0,2019091400
514,dataset\2019091412.jpg,5,2019091412
515,dataset\2019091500.jpg,5,2019091500
516,dataset\2019091512.jpg,5,2019091512
517,dataset\2019091600.jpg,1,2019091600
518,dataset\2019091612.jpg,5,2019091612
519,dataset\2019091700.jpg,5,2019091700
520,dataset\2019091712.jpg,5,2019091712
521,dataset\2019091800.jpg,5,2019091800
522,dataset\2019091812.jpg,5,2019091812
523,dataset\2019091900.jpg,1,2019091900
524,dataset\2019091912.jpg,5,2019091912
525,dataset\2019092000.jpg,5,2019092000
526,dataset\2019092012.jpg,4,2019092012
527,dataset\2019092100.jpg,5,2019092100
528,dataset\2019092112.jpg,5,2019092112
529,dataset\2019092200.jpg,5,2019092200
530,dataset\2019092212.jpg,5,2019092212
531,dataset\2019092300.jpg,5,2019092300
532,dataset\2019092312.jpg,5,2019092312
533,dataset\2019092400.jpg,1,2019092400
534,dataset\2019092412.jpg,5,2019092412
535,dataset\2019092500.jpg,1,2019092500
536,dataset\2019092512.jpg,1,2019092512
537,dataset\2019092600.jpg,1,2019092600
538,dataset\2019092612.jpg,0,2019092612
539,dataset\2019092700.jpg,5,2019092700
540,dataset\2019092712.jpg,5,2019092712
541,dataset\2019092800.jpg,5,2019092800
542,dataset\2019092812.jpg,5,2019092812
543,dataset\2019092900.jpg,5,2019092900
544,dataset\2019092912.jpg,5,2019092912
545,dataset\2019093000.jpg,1,2019093000
546,dataset\2019093012.jpg,5,2019093012
547,dataset\2019100100.jpg,5,2019100100
548,dataset\2019100112.jpg,5,2019100112
549,dataset\2019100200.jpg,5,2019100200
550,dataset\2019100212.jpg,5,2019100212
551,dataset\2019100300.jpg,1,2019100300
552,dataset\2019100312.jpg,1,2019100312
553,dataset\2019100400.jpg,5,2019100400
554,dataset\2019100412.jpg,0,2019100412
555,dataset\2019100500.jpg,1,2019100500
556,dataset\2019100512.jpg,1,2019100512
557,dataset\2019100600.jpg,1,2019100600
558,dataset\2019100612.jpg,1,2019100612
559,dataset\2019100700.jpg,1,2019100700
560,dataset\2019100712.jpg,5,2019100712
561,dataset\2019100800.jpg,1,2019100800
562,dataset\2019100812.jpg,5,2019100812
563,dataset\2019100900.jpg,5,2019100900
564,dataset\2019100912.jpg,5,2019100912
565,dataset\2019101000.jpg,5,2019101000
566,dataset\2019101012.jpg,5,2019101012
567,dataset\2019101100.jpg,5,2019101100
568,dataset\2019101112.jpg,0,2019101112
569,dataset\2019101200.jpg,0,2019101200
570,dataset\2019101212.jpg,0,2019101212
571,dataset\2019101300.jpg,0,2019101300
572,dataset\2019101312.jpg,5,2019101312
573,dataset\2019101400.jpg,1,2019101400
574,dataset\2019101412.jpg,5,2019101412
575,dataset\2019101500.jpg,5,2019101500
576,dataset\2019101512.jpg,5,2019101512
577,dataset\2019101600.jpg,5,2019101600
578,dataset\2019101612.jpg,5,2019101612
579,dataset\2019101700.jpg,5,2019101700
580,dataset\2019101712.jpg,5,2019101712
581,dataset\2019101800.jpg,5,2019101800
582,dataset\2019101812.jpg,5,2019101812
583,dataset\2019101900.jpg,5,2019101900
584,dataset\2019101912.jpg,5,2019101912
585,dataset\2019102000.jpg,5,2019102000
586,dataset\2019102012.jpg,5,2019102012
587,dataset\2019102100.jpg,5,2019102100
588,dataset\2019102112.jpg,5,2019102112
589,dataset\2019102200.jpg,5,2019102200
590,dataset\2019102212.jpg,0,2019102212
591,dataset\2019102300.jpg,1,2019102300
592,dataset\2019102312.jpg,1,2019102312
593,dataset\2019102400.jpg,1,2019102400
594,dataset\2019102412.jpg,5,2019102412
595,dataset\2019102500.jpg,5,2019102500
596,dataset\2019102512.jpg,0,2019102512
597,dataset\2019102600.jpg,5,2019102600
598,dataset\2019102612.jpg,5,2019102612
599,dataset\2019102700.jpg,5,2019102700
600,dataset\2019102712.jpg,1,2019102712
601,dataset\2019102800.jpg,1,2019102800
602,dataset\2019102812.jpg,5,2019102812
603,dataset\2019102900.jpg,5,2019102900
604,dataset\2019102912.jpg,5,2019102912
605,dataset\2019103000.jpg,5,2019103000
606,dataset\2019103012.jpg,5,2019103012
607,dataset\2019103100.jpg,5,2019103100
608,dataset\2019103112.jpg,1,2019103112
609,dataset\2019110100.jpg,1,2019110100
610,dataset\2019110112.jpg,1,2019110112
611,dataset\2019110200.jpg,1,2019110200
612,dataset\2019110212.jpg,1,2019110212
613,dataset\2019110300.jpg,1,2019110300
614,dataset\2019110312.jpg,0,2019110312
615,dataset\2019110400.jpg,1,2019110400
616,dataset\2019110412.jpg,5,2019110412
617,dataset\2019110500.jpg,5,2019110500
618,dataset\2019110512.jpg,5,2019110512
619,dataset\2019110600.jpg,1,2019110600
620,dataset\2019110612.jpg,5,2019110612
621,dataset\2019110700.jpg,1,2019110700
622,dataset\2019110712.jpg,1,2019110712
623,dataset\2019110800.jpg,5,2019110800
624,dataset\2019110812.jpg,5,2019110812
625,dataset\2019110900.jpg,5,2019110900
626,dataset\2019110912.jpg,0,2019110912
627,dataset\2019111000.jpg,5,2019111000
628,dataset\2019111012.jpg,5,2019111012
629,dataset\2019111100.jpg,5,2019111100
630,dataset\2019111112.jpg,5,2019111112
631,dataset\2019111200.jpg,5,2019111200
632,dataset\2019111212.jpg,1,2019111212
633,dataset\2019111300.jpg,5,2019111300
634,dataset\2019111312.jpg,1,2019111312
635,dataset\2019111400.jpg,5,2019111400
636,dataset\2019111412.jpg,5,2019111412
637,dataset\2019111500.jpg,1,2019111500
638,dataset\2019111512.jpg,5,2019111512
639,dataset\2019111600.jpg,5,2019111600
640,dataset\2019111612.jpg,1,2019111612
641,dataset\2019111700.jpg,1,2019111700
642,dataset\2019111712.jpg,1,2019111712
643,dataset\2019111800.jpg,1,2019111800
644,dataset\2019111812.jpg,5,2019111812
645,dataset\2019111900.jpg,5,2019111900
646,dataset\2019111912.jpg,5,2019111912
647,dataset\2019112000.jpg,5,2019112000
648,dataset\2019112012.jpg,5,2019112012
649,dataset\2019112100.jpg,1,2019112100
650,dataset\2019112112.jpg,5,2019112112
651,dataset\2019112200.jpg,1,2019112200
652,dataset\2019112212.jpg,1,2019112212
653,dataset\2019112300.jpg,1,2019112300
654,dataset\2019112312.jpg,1,2019112312
655,dataset\2019112400.jpg,1,2019112400
656,dataset\2019112412.jpg,1,2019112412
657,dataset\2019112500.jpg,1,2019112500
658,dataset\2019112512.jpg,0,2019112512
659,dataset\2019112600.jpg,1,2019112600
660,dataset\2019112612.jpg,5,2019112612
661,dataset\2019112700.jpg,1,2019112700
662,dataset\2019112712.jpg,1,2019112712
663,dataset\2019112800.jpg,5,2019112800
664,dataset\2019112812.jpg,0,2019112812
665,dataset\2019112900.jpg,1,2019112900
666,dataset\2019112912.jpg,1,2019112912
667,dataset\2019113000.jpg,1,2019113000
668,dataset\2019113012.jpg,5,2019113012
669,dataset\2019120100.jpg,1,2019120100
670,dataset\2019120112.jpg,1,2019120112
671,dataset\2019120200.jpg,1,2019120200
672,dataset\2019120212.jpg,5,2019120212
673,dataset\2019120300.jpg,1,2019120300
674,dataset\2019120312.jpg,1,2019120312
675,dataset\2019120400.jpg,0,2019120400
676,dataset\2019120412.jpg,1,2019120412
677,dataset\2019120500.jpg,1,2019120500
678,dataset\2019120512.jpg,1,2019120512
679,dataset\2019120600.jpg,1,2019120600
680,dataset\2019120612.jpg,1,2019120612
681,dataset\2019120700.jpg,5,2019120700
682,dataset\2019120712.jpg,0,2019120712
683,dataset\2019120800.jpg,5,2019120800
684,dataset\2019120812.jpg,5,2019120812
685,dataset\2019120900.jpg,5,2019120900
686,dataset\2019120912.jpg,1,2019120912
687,dataset\2019121000.jpg,1,2019121000
688,dataset\2019121012.jpg,1,2019121012
689,dataset\2019121100.jpg,1,2019121100
690,dataset\2019121112.jpg,1,2019121112
691,dataset\2019121200.jpg,1,2019121200
692,dataset\2019121212.jpg,1,2019121212
693,dataset\2019121300.jpg,1,2019121300
694,dataset\2019121312.jpg,1,2019121312
695,dataset\2019121400.jpg,1,2019121400
696,dataset\2019121412.jpg,1,2019121412
697,dataset\2019121500.jpg,1,2019121500
698,dataset\2019121512.jpg,5,2019121512
699,dataset\2019121600.jpg,0,2019121600
700,dataset\2019121612.jpg,1,2019121612
701,dataset\2019121700.jpg,1,2019121700
702,dataset\2019121712.jpg,1,2019121712
703,dataset\2019121800.jpg,1,2019121800
704,dataset\2019121812.jpg,1,2019121812
705,dataset\2019121900.jpg,1,2019121900
706,dataset\2019121912.jpg,1,2019121912
707,dataset\2019122000.jpg,1,2019122000
708,dataset\2019122012.jpg,1,2019122012
709,dataset\2019122100.jpg,1,2019122100
710,dataset\2019122112.jpg,1,2019122112
711,dataset\2019122200.jpg,1,2019122200
712,dataset\2019122212.jpg,1,2019122212
713,dataset\2019122300.jpg,1,2019122300
714,dataset\2019122312.jpg,1,2019122312
715,dataset\2019122400.jpg,5,2019122400
716,dataset\2019122412.jpg,5,2019122412
717,dataset\2019122500.jpg,1,2019122500
718,dataset\2019122512.jpg,5,2019122512
719,dataset\2019122600.jpg,5,2019122600
720,dataset\2019122612.jpg,5,2019122612
721,dataset\2019122700.jpg,0,2019122700
722,dataset\2019122712.jpg,1,2019122712
723,dataset\2019122800.jpg,5,2019122800
724,dataset\2019122812.jpg,1,2019122812
725,dataset\2019122900.jpg,1,2019122900
726,dataset\2019122912.jpg,0,2019122912
727,dataset\2019123000.jpg,1,2019123000
728,dataset\2019123012.jpg,1,2019123012
729,dataset\2019123100.jpg,1,2019123100
730,dataset\2019123112.jpg,0,2019123112
731,dataset\2020010100.jpg,1,2020010100
732,dataset\2020010112.jpg,1,2020010112
733,dataset\2020010200.jpg,1,2020010200
734,dataset\2020010212.jpg,1,2020010212
735,dataset\2020010300.jpg,1,2020010300
736,dataset\2020010312.jpg,1,2020010312
737,dataset\2020010400.jpg,1,2020010400
738,dataset\2020010412.jpg,1,2020010412
739,dataset\2020010500.jpg,1,2020010500
740,dataset\2020010512.jpg,1,2020010512
741,dataset\2020010600.jpg,1,2020010600
742,dataset\2020010612.jpg,1,2020010612
743,dataset\2020010700.jpg,1,2020010700
744,dataset\2020010712.jpg,1,2020010712
745,dataset\2020010800.jpg,1,2020010800
746,dataset\2020010812.jpg,0,2020010812
747,dataset\2020010900.jpg,1,2020010900
748,dataset\2020010912.jpg,1,2020010912
749,dataset\2020011000.jpg,1,2020011000
750,dataset\2020011012.jpg,1,2020011012
751,dataset\2020011100.jpg,1,2020011100
752,dataset\2020011112.jpg,1,2020011112
753,dataset\2020011200.jpg,1,2020011200
754,dataset\2020011212.jpg,0,2020011212
755,dataset\2020011300.jpg,1,2020011300
756,dataset\2020011312.jpg,1,2020011312
757,dataset\2020011400.jpg,0,2020011400
758,dataset\2020011412.jpg,1,2020011412
759,dataset\2020011500.jpg,1,2020011500
760,dataset\2020011512.jpg,1,2020011512
761,dataset\2020011600.jpg,1,2020011600
762,dataset\2020011612.jpg,1,2020011612
763,dataset\2020011700.jpg,1,2020011700
764,dataset\2020011712.jpg,5,2020011712
765,dataset\2020011800.jpg,1,2020011800
766,dataset\2020011812.jpg,5,2020011812
767,dataset\2020011900.jpg,1,2020011900
768,dataset\2020011912.jpg,5,2020011912
769,dataset\2020012000.jpg,5,2020012000
770,dataset\2020012012.jpg,5,2020012012
771,dataset\2020012100.jpg,1,2020012100
772,dataset\2020012112.jpg,1,2020012112
773,dataset\2020012200.jpg,1,2020012200
774,dataset\2020012212.jpg,1,2020012212
775,dataset\2020012300.jpg,5,2020012300
776,dataset\2020012312.jpg,1,2020012312
777,dataset\2020012400.jpg,1,2020012400
778,dataset\2020012412.jpg,1,2020012412
779,dataset\2020012500.jpg,1,2020012500
780,dataset\2020012512.jpg,1,2020012512
781,dataset\2020012600.jpg,1,2020012600
782,dataset\2020012612.jpg,1,2020012612
783,dataset\2020012700.jpg,1,2020012700
784,dataset\2020012712.jpg,0,2020012712
785,dataset\2020012800.jpg,1,2020012800
786,dataset\2020012812.jpg,1,2020012812
787,dataset\2020012900.jpg,1,2020012900
788,dataset\2020012912.jpg,0,2020012912
789,dataset\2020013000.jpg,5,2020013000
790,dataset\2020013012.jpg,1,2020013012
791,dataset\2020013100.jpg,1,2020013100
792,dataset\2020013112.jpg,1,2020013112
793,dataset\2020020100.jpg,1,2020020100
794,dataset\2020020112.jpg,1,2020020112
795,dataset\2020020200.jpg,1,2020020200
796,dataset\2020020212.jpg,1,2020020212
797,dataset\2020020300.jpg,1,2020020300
798,dataset\2020020312.jpg,1,2020020312
799,dataset\2020020400.jpg,1,2020020400
800,dataset\2020020412.jpg,1,2020020412
801,dataset\2020020500.jpg,1,2020020500
802,dataset\2020020512.jpg,1,2020020512
803,dataset\2020020600.jpg,1,2020020600
804,dataset\2020020612.jpg,1,2020020612
805,dataset\2020020700.jpg,1,2020020700
806,dataset\2020020712.jpg,1,2020020712
807,dataset\2020020800.jpg,0,2020020800
808,dataset\2020020812.jpg,1,2020020812
809,dataset\2020020900.jpg,1,2020020900
810,dataset\2020020912.jpg,0,2020020912
811,dataset\2020021000.jpg,0,2020021000
812,dataset\2020021012.jpg,0,2020021012
813,dataset\2020021100.jpg,0,2020021100
814,dataset\2020021112.jpg,0,2020021112
815,dataset\2020021200.jpg,0,2020021200
816,dataset\2020021212.jpg,0,2020021212
817,dataset\2020021300.jpg,1,2020021300
818,dataset\2020021312.jpg,5,2020021312
819,dataset\2020021400.jpg,1,2020021400
820,dataset\2020021412.jpg,1,2020021412
821,dataset\2020021500.jpg,1,2020021500
822,dataset\2020021512.jpg,1,2020021512
823,dataset\2020021600.jpg,1,2020021600
824,dataset\2020021612.jpg,0,2020021612
825,dataset\2020021700.jpg,1,2020021700
826,dataset\2020021712.jpg,1,2020021712
827,dataset\2020021800.jpg,1,2020021800
828,dataset\2020021812.jpg,1,2020021812
829,dataset\2020021900.jpg,1,2020021900
830,dataset\2020021912.jpg,5,2020021912
831,dataset\2020022000.jpg,5,2020022000
832,dataset\2020022012.jpg,1,2020022012
833,dataset\2020022100.jpg,1,2020022100
834,dataset\2020022112.jpg,0,2020022112
835,dataset\2020022200.jpg,1,2020022200
836,dataset\2020022212.jpg,5,2020022212
837,dataset\2020022300.jpg,1,2020022300
838,dataset\2020022312.jpg,1,2020022312
839,dataset\2020022400.jpg,5,2020022400
840,dataset\2020022412.jpg,0,2020022412
841,dataset\2020022500.jpg,0,2020022500
842,dataset\2020022512.jpg,0,2020022512
843,dataset\2020022600.jpg,5,2020022600
844,dataset\2020022612.jpg,1,2020022612
845,dataset\2020022700.jpg,0,2020022700
846,dataset\2020022712.jpg,1,2020022712
847,dataset\2020022800.jpg,5,2020022800
848,dataset\2020022812.jpg,5,2020022812
849,dataset\2020022900.jpg,1,2020022900
850,dataset\2020022912.jpg,1,2020022912
851,dataset\2020030100.jpg,1,2020030100
852,dataset\2020030112.jpg,1,2020030112
853,dataset\2020030200.jpg,1,2020030200
854,dataset\2020030212.jpg,5,2020030212
855,dataset\2020030300.jpg,1,2020030300
856,dataset\2020030312.jpg,5,2020030312
857,dataset\2020030400.jpg,5,2020030400
858,dataset\2020030412.jpg,5,2020030412
859,dataset\2020030500.jpg,0,2020030500
860,dataset\2020030512.jpg,1,2020030512
861,dataset\2020030600.jpg,1,2020030600
862,dataset\2020030612.jpg,5,2020030612
863,dataset\2020030700.jpg,5,2020030700
864,dataset\2020030712.jpg,5,2020030712
865,dataset\2020030800.jpg,1,2020030800
866,dataset\2020030812.jpg,5,2020030812
867,dataset\2020030900.jpg,1,2020030900
868,dataset\2020030912.jpg,5,2020030912
869,dataset\2020031000.jpg,5,2020031000
870,dataset\2020031012.jpg,0,2020031012
871,dataset\2020031100.jpg,5,2020031100
872,dataset\2020031112.jpg,1,2020031112
873,dataset\2020031200.jpg,1,2020031200
874,dataset\2020031212.jpg,1,2020031212
875,dataset\2020031300.jpg,1,2020031300
876,dataset\2020031312.jpg,1,2020031312
877,dataset\2020031400.jpg,1,2020031400
878,dataset\2020031412.jpg,0,2020031412
879,dataset\2020031500.jpg,1,2020031500
880,dataset\2020031512.jpg,1,2020031512
881,dataset\2020031600.jpg,0,2020031600
882,dataset\2020031612.jpg,1,2020031612
883,dataset\2020031700.jpg,1,2020031700
884,dataset\2020031712.jpg,5,2020031712
885,dataset\2020031800.jpg,1,2020031800
886,dataset\2020031812.jpg,5,2020031812
887,dataset\2020031900.jpg,5,2020031900
888,dataset\2020031912.jpg,5,2020031912
889,dataset\2020032000.jpg,5,2020032000
890,dataset\2020032012.jpg,1,2020032012
891,dataset\2020032100.jpg,1,2020032100
892,dataset\2020032112.jpg,1,2020032112
893,dataset\2020032200.jpg,1,2020032200
894,dataset\2020032212.jpg,5,2020032212
895,dataset\2020032300.jpg,0,2020032300
896,dataset\2020032312.jpg,5,2020032312
897,dataset\2020032400.jpg,1,2020032400
898,dataset\2020032412.jpg,5,2020032412
899,dataset\2020032500.jpg,5,2020032500
900,dataset\2020032512.jpg,1,2020032512
901,dataset\2020032600.jpg,1,2020032600
902,dataset\2020032612.jpg,1,2020032612
903,dataset\2020032700.jpg,1,2020032700
904,dataset\2020032712.jpg,1,2020032712
905,dataset\2020032800.jpg,1,2020032800
906,dataset\2020032812.jpg,1,2020032812
907,dataset\2020032900.jpg,1,2020032900
908,dataset\2020032912.jpg,5,2020032912
909,dataset\2020033000.jpg,1,2020033000
910,dataset\2020033012.jpg,1,2020033012
911,dataset\2020033100.jpg,1,2020033100
912,dataset\2020033112.jpg,1,2020033112
913,dataset\2020040100.jpg,1,2020040100
914,dataset\2020040112.jpg,0,2020040112
915,dataset\2020040200.jpg,1,2020040200
916,dataset\2020040212.jpg,1,2020040212
917,dataset\2020040300.jpg,1,2020040300
918,dataset\2020040312.jpg,1,2020040312
919,dataset\2020040400.jpg,1,2020040400
920,dataset\2020040412.jpg,5,2020040412
921,dataset\2020040500.jpg,5,2020040500
922,dataset\2020040512.jpg,5,2020040512
923,dataset\2020040600.jpg,5,2020040600
924,dataset\2020040612.jpg,5,2020040612
925,dataset\2020040700.jpg,1,2020040700
926,dataset\2020040712.jpg,0,2020040712
927,dataset\2020040800.jpg,5,2020040800
928,dataset\2020040812.jpg,5,2020040812
929,dataset\2020040900.jpg,1,2020040900
930,dataset\2020040912.jpg,5,2020040912
931,dataset\2020041000.jpg,5,2020041000
932,dataset\2020041012.jpg,0,2020041012
933,dataset\2020041100.jpg,1,2020041100
934,dataset\2020041112.jpg,5,2020041112
935,dataset\2020041200.jpg,5,2020041200
936,dataset\2020041212.jpg,5,2020041212
937,dataset\2020041300.jpg,5,2020041300
938,dataset\2020041312.jpg,0,2020041312
939,dataset\2020041400.jpg,0,2020041400
940,dataset\2020041412.jpg,5,2020041412
941,dataset\2020041500.jpg,5,2020041500
942,dataset\2020041512.jpg,5,2020041512
943,dataset\2020041600.jpg,5,2020041600
944,dataset\2020041612.jpg,5,2020041612
945,dataset\2020041700.jpg,5,2020041700
946,dataset\2020041712.jpg,5,2020041712
947,dataset\2020041800.jpg,5,2020041800
948,dataset\2020041812.jpg,5,2020041812
949,dataset\2020041900.jpg,5,2020041900
950,dataset\2020041912.jpg,5,2020041912
951,dataset\2020042000.jpg,5,2020042000
952,dataset\2020042012.jpg,5,2020042012
953,dataset\2020042100.jpg,5,2020042100
954,dataset\2020042112.jpg,0,2020042112
955,dataset\2020042200.jpg,5,2020042200
956,dataset\2020042212.jpg,5,2020042212
957,dataset\2020042300.jpg,0,2020042300
958,dataset\2020042312.jpg,1,2020042312
959,dataset\2020042400.jpg,1,2020042400
960,dataset\2020042412.jpg,1,2020042412
961,dataset\2020042500.jpg,1,2020042500
962,dataset\2020042512.jpg,5,2020042512
963,dataset\2020042600.jpg,0,2020042600
964,dataset\2020042612.jpg,0,2020042612
965,dataset\2020042700.jpg,5,2020042700
966,dataset\2020042712.jpg,5,2020042712
967,dataset\2020042800.jpg,5,2020042800
968,dataset\2020042812.jpg,5,2020042812
969,dataset\2020042900.jpg,1,2020042900
970,dataset\2020042912.jpg,0,2020042912
971,dataset\2020043000.jpg,5,2020043000
972,dataset\2020043012.jpg,5,2020043012
973,dataset\2020050100.jpg,5,2020050100
974,dataset\2020050112.jpg,5,2020050112
975,dataset\2020050200.jpg,1,2020050200
976,dataset\2020050212.jpg,0,2020050212
977,dataset\2020050300.jpg,5,2020050300
978,dataset\2020050312.jpg,1,2020050312
979,dataset\2020050400.jpg,5,2020050400
980,dataset\2020050412.jpg,5,2020050412
981,dataset\2020050500.jpg,1,2020050500
982,dataset\2020050512.jpg,5,2020050512
983,dataset\2020050600.jpg,5,2020050600
984,dataset\2020050612.jpg,5,2020050612
985,dataset\2020050700.jpg,5,2020050700
986,dataset\2020050712.jpg,5,2020050712
987,dataset\2020050800.jpg,0,2020050800
988,dataset\2020050812.jpg,5,2020050812
989,dataset\2020050900.jpg,5,2020050900
990,dataset\2020050912.jpg,1,2020050912
991,dataset\2020051000.jpg,1,2020051000
992,dataset\2020051012.jpg,1,2020051012
993,dataset\2020051100.jpg,1,2020051100
994,dataset\2020051112.jpg,1,2020051112
995,dataset\2020051200.jpg,0,2020051200
996,dataset\2020051212.jpg,5,2020051212
997,dataset\2020051300.jpg,5,2020051300
998,dataset\2020051312.jpg,5,2020051312
999,dataset\2020051400.jpg,5,2020051400
1000,dataset\2020051412.jpg,5,2020051412
1001,dataset\2020051500.jpg,5,2020051500
1002,dataset\2020051512.jpg,5,2020051512
1003,dataset\2020051600.jpg,5,2020051600
1004,dataset\2020051612.jpg,5,2020051612
1005,dataset\2020051700.jpg,5,2020051700
1006,dataset\2020051712.jpg,5,2020051712
1007,dataset\2020051800.jpg,5,2020051800
1008,dataset\2020051812.jpg,5,2020051812
1009,dataset\2020051900.jpg,0,2020051900
1010,dataset\2020051912.jpg,0,2020051912
1011,dataset\2020052000.jpg,5,2020052000
1012,dataset\2020052012.jpg,5,2020052012
1013,dataset\2020052100.jpg,1,2020052100
1014,dataset\2020052112.jpg,5,2020052112
1015,dataset\2020052200.jpg,5,2020052200
1016,dataset\2020052212.jpg,5,2020052212
1017,dataset\2020052300.jpg,5,2020052300
1018,dataset\2020052312.jpg,5,2020052312
1019,dataset\2020052400.jpg,5,2020052400
1020,dataset\2020052412.jpg,5,2020052412
1021,dataset\2020052500.jpg,5,2020052500
1022,dataset\2020052512.jpg,5,2020052512
1023,dataset\2020052600.jpg,0,2020052600
1024,dataset\2020052612.jpg,1,2020052612
1025,dataset\2020052700.jpg,1,2020052700
1026,dataset\2020052712.jpg,0,2020052712
1027,dataset\2020052800.jpg,5,2020052800
1028,dataset\2020052812.jpg,5,2020052812
1029,dataset\2020052900.jpg,5,2020052900
1030,dataset\2020052912.jpg,5,2020052912
1031,dataset\2020053000.jpg,1,2020053000
1032,dataset\2020053012.jpg,5,2020053012
1033,dataset\2020053100.jpg,5,2020053100
1034,dataset\2020053112.jpg,5,2020053112
1035,dataset\2020060100.jpg,1,2020060100
1036,dataset\2020060112.jpg,5,2020060112
1037,dataset\2020060200.jpg,5,2020060200
1038,dataset\2020060212.jpg,5,2020060212
1039,dataset\2020060300.jpg,5,2020060300
1040,dataset\2020060312.jpg,5,2020060312
1041,dataset\2020060400.jpg,5,2020060400
1042,dataset\2020060412.jpg,5,2020060412
1043,dataset\2020060500.jpg,5,2020060500
1044,dataset\2020060512.jpg,5,2020060512
1045,dataset\2020060600.jpg,5,2020060600
1046,dataset\2020060612.jpg,5,2020060612
1047,dataset\2020060700.jpg,5,2020060700
1048,dataset\2020060712.jpg,5,2020060712
1049,dataset\2020060800.jpg,5,2020060800
1050,dataset\2020060812.jpg,1,2020060812
1051,dataset\2020060900.jpg,1,2020060900
1052,dataset\2020060912.jpg,5,2020060912
1053,dataset\2020061000.jpg,5,2020061000
1054,dataset\2020061012.jpg,5,2020061012
1055,dataset\2020061100.jpg,5,2020061100
1056,dataset\2020061112.jpg,1,2020061112
1057,dataset\2020061200.jpg,1,2020061200
1058,dataset\2020061212.jpg,5,2020061212
1059,dataset\2020061300.jpg,1,2020061300
1060,dataset\2020061312.jpg,5,2020061312
1061,dataset\2020061400.jpg,5,2020061400
1062,dataset\2020061412.jpg,5,2020061412
1063,dataset\2020061500.jpg,5,2020061500
1064,dataset\2020061512.jpg,5,2020061512
1065,dataset\2020061600.jpg,5,2020061600
1066,dataset\2020061612.jpg,5,2020061612
1067,dataset\2020061700.jpg,5,2020061700
1068,dataset\2020061712.jpg,0,2020061712
1069,dataset\2020061800.jpg,0,2020061800
1070,dataset\2020061812.jpg,1,2020061812
1071,dataset\2020061900.jpg,5,2020061900
1072,dataset\2020061912.jpg,0,2020061912
1073,dataset\2020062000.jpg,5,2020062000
1074,dataset\2020062012.jpg,1,2020062012
1075,dataset\2020062100.jpg,1,2020062100
1076,dataset\2020062112.jpg,1,2020062112
1077,dataset\2020062200.jpg,5,2020062200
1078,dataset\2020062212.jpg,5,2020062212
1079,dataset\2020062300.jpg,5,2020062300
1080,dataset\2020062312.jpg,1,2020062312
1081,dataset\2020062400.jpg,1,2020062400
1082,dataset\2020062412.jpg,5,2020062412
1083,dataset\2020062500.jpg,1,2020062500
1084,dataset\2020062512.jpg,1,2020062512
1085,dataset\2020062600.jpg,5,2020062600
1086,dataset\2020062612.jpg,5,2020062612
1087,dataset\2020062700.jpg,5,2020062700
1088,dataset\2020062712.jpg,5,2020062712
1089,dataset\2020062800.jpg,5,2020062800
1090,dataset\2020062812.jpg,5,2020062812
1091,dataset\2020062900.jpg,5,2020062900
1092,dataset\2020062912.jpg,1,2020062912
1093,dataset\2020063000.jpg,1,2020063000
1094,dataset\2020063012.jpg,1,2020063012
1095,dataset\2020070100.jpg,5,2020070100
1096,dataset\2020070112.jpg,5,2020070112
1097,dataset\2020070200.jpg,5,2020070200
1098,dataset\2020070212.jpg,5,2020070212
1099,dataset\2020070300.jpg,5,2020070300
1100,dataset\2020070312.jpg,5,2020070312
1101,dataset\2020070400.jpg,0,2020070400
1102,dataset\2020070412.jpg,0,2020070412
1103,dataset\2020070500.jpg,1,2020070500
1104,dataset\2020070512.jpg,5,2020070512
1105,dataset\2020070600.jpg,5,2020070600
1106,dataset\2020070612.jpg,5,2020070612
1107,dataset\2020070700.jpg,5,2020070700
1108,dataset\2020070712.jpg,5,2020070712
1109,dataset\2020070800.jpg,5,2020070800
1110,dataset\2020070812.jpg,5,2020070812
1111,dataset\2020070900.jpg,5,2020070900
1112,dataset\2020070912.jpg,5,2020070912
1113,dataset\2020071000.jpg,1,2020071000
1114,dataset\2020071012.jpg,5,2020071012
1115,dataset\2020071100.jpg,1,2020071100
1116,dataset\2020071112.jpg,5,2020071112
1117,dataset\2020071200.jpg,0,2020071200
1118,dataset\2020071212.jpg,5,2020071212
1119,dataset\2020071300.jpg,5,2020071300
1120,dataset\2020071312.jpg,1,2020071312
1121,dataset\2020071400.jpg,5,2020071400
1122,dataset\2020071412.jpg,5,2020071412
1123,dataset\2020071500.jpg,5,2020071500
1124,dataset\2020071512.jpg,5,2020071512
1125,dataset\2020071600.jpg,5,2020071600
1126,dataset\2020071612.jpg,5,2020071612
1127,dataset\2020071700.jpg,1,2020071700
1128,dataset\2020071712.jpg,5,2020071712
1129,dataset\2020071800.jpg,5,2020071800
1130,dataset\2020071812.jpg,5,2020071812
1131,dataset\2020071900.jpg,0,2020071900
1132,dataset\2020071912.jpg,5,2020071912
1133,dataset\2020072000.jpg,5,2020072000
1134,dataset\2020072012.jpg,0,2020072012
1135,dataset\2020072100.jpg,0,2020072100
1136,dataset\2020072112.jpg,0,2020072112
1137,dataset\2020072200.jpg,5,2020072200
1138,dataset\2020072212.jpg,0,2020072212
1139,dataset\2020072300.jpg,0,2020072300
1140,dataset\2020072312.jpg,0,2020072312
1141,dataset\2020072400.jpg,5,2020072400
1142,dataset\2020072412.jpg,5,2020072412
1143,dataset\2020072500.jpg,1,2020072500
1144,dataset\2020072512.jpg,5,2020072512
1145,dataset\2020072600.jpg,5,2020072600
1146,dataset\2020072612.jpg,5,2020072612
1147,dataset\2020072700.jpg,1,2020072700
1148,dataset\2020072712.jpg,5,2020072712
1149,dataset\2020072800.jpg,1,2020072800
1150,dataset\2020072812.jpg,5,2020072812
1151,dataset\2020072900.jpg,1,2020072900
1152,dataset\2020072912.jpg,5,2020072912
1153,dataset\2020073000.jpg,1,2020073000
1154,dataset\2020073012.jpg,1,2020073012
1155,dataset\2020073100.jpg,1,2020073100
1156,dataset\2020073112.jpg,0,2020073112
1157,dataset\2020080100.jpg,5,2020080100
1158,dataset\2020080112.jpg,5,2020080112
1159,dataset\2020080200.jpg,5,2020080200
1160,dataset\2020080212.jpg,5,2020080212
1161,dataset\2020080300.jpg,5,2020080300
1162,dataset\2020080312.jpg,5,2020080312
1163,dataset\2020080400.jpg,5,2020080400
1164,dataset\2020080412.jpg,5,2020080412
1165,dataset\2020080500.jpg,5,2020080500
1166,dataset\2020080512.jpg,1,2020080512
1167,dataset\2020080600.jpg,5,2020080600
1168,dataset\2020080612.jpg,5,2020080612
1169,dataset\2020080700.jpg,1,2020080700
1170,dataset\2020080712.jpg,5,2020080712
1171,dataset\2020080800.jpg,1,2020080800
1172,dataset\2020080812.jpg,5,2020080812
1173,dataset\2020080900.jpg,5,2020080900
1174,dataset\2020080912.jpg,5,2020080912
1175,dataset\2020081000.jpg,5,2020081000
1176,dataset\2020081012.jpg,5,2020081012
1177,dataset\2020081100.jpg,5,2020081100
1178,dataset\2020081112.jpg,5,2020081112
1179,dataset\2020081200.jpg,1,2020081200
1180,dataset\2020081212.jpg,5,2020081212
1181,dataset\2020081300.jpg,1,2020081300
1182,dataset\2020081312.jpg,5,2020081312
1183,dataset\2020081400.jpg,1,2020081400
1184,dataset\2020081412.jpg,5,2020081412
1185,dataset\2020081500.jpg,5,2020081500
1186,dataset\2020081512.jpg,0,2020081512
1187,dataset\2020081600.jpg,1,2020081600
1188,dataset\2020081612.jpg,5,2020081612
1189,dataset\2020081700.jpg,5,2020081700
1190,dataset\2020081712.jpg,5,2020081712
1191,dataset\2020081800.jpg,5,2020081800
1192,dataset\2020081812.jpg,5,2020081812
1193,dataset\2020081900.jpg,5,2020081900
1194,dataset\2020081912.jpg,5,2020081912
1195,dataset\2020082000.jpg,1,2020082000
1196,dataset\2020082012.jpg,5,2020082012
1197,dataset\2020082100.jpg,5,2020082100
1198,dataset\2020082112.jpg,5,2020082112
1199,dataset\2020082200.jpg,1,2020082200
1200,dataset\2020082212.jpg,1,2020082212
1201,dataset\2020082300.jpg,1,2020082300
1202,dataset\2020082312.jpg,5,2020082312
1203,dataset\2020082400.jpg,1,2020082400
1204,dataset\2020082412.jpg,5,2020082412
1205,dataset\2020082500.jpg,1,2020082500
1206,dataset\2020082512.jpg,5,2020082512
1207,dataset\2020082600.jpg,1,2020082600
1208,dataset\2020082612.jpg,5,2020082612
1209,dataset\2020082700.jpg,1,2020082700
1210,dataset\2020082712.jpg,1,2020082712
1211,dataset\2020082800.jpg,1,2020082800
1212,dataset\2020082812.jpg,5,2020082812
1213,dataset\2020082900.jpg,5,2020082900
1214,dataset\2020082912.jpg,5,2020082912
1215,dataset\2020083000.jpg,5,2020083000
1216,dataset\2020083012.jpg,5,2020083012
1217,dataset\2020083100.jpg,5,2020083100
1218,dataset\2020083112.jpg,5,2020083112
1219,dataset\2020090100.jpg,1,2020090100
1220,dataset\2020090112.jpg,5,2020090112
1221,dataset\2020090200.jpg,5,2020090200
1222,dataset\2020090212.jpg,5,2020090212
1223,dataset\2020090300.jpg,1,2020090300
1224,dataset\2020090312.jpg,5,2020090312
1225,dataset\2020090400.jpg,5,2020090400
1226,dataset\2020090412.jpg,5,2020090412
1227,dataset\2020090500.jpg,5,2020090500
1228,dataset\2020090512.jpg,5,2020090512
1229,dataset\2020090600.jpg,5,2020090600
1230,dataset\2020090612.jpg,5,2020090612
1231,dataset\2020090700.jpg,5,2020090700
1232,dataset\2020090712.jpg,1,2020090712
1233,dataset\2020090800.jpg,5,2020090800
1234,dataset\2020090812.jpg,1,2020090812
1235,dataset\2020090900.jpg,1,2020090900
1236,dataset\2020090912.jpg,5,2020090912
1237,dataset\2020091000.jpg,5,2020091000
1238,dataset\2020091012.jpg,5,2020091012
1239,dataset\2020091100.jpg,5,2020091100
1240,dataset\2020091112.jpg,5,2020091112
1241,dataset\2020091200.jpg,5,2020091200
1242,dataset\2020091212.jpg,1,2020091212
1243,dataset\2020091300.jpg,1,2020091300
1244,dataset\2020091312.jpg,1,2020091312
1245,dataset\2020091400.jpg,5,2020091400
1246,dataset\2020091412.jpg,5,2020091412
1247,dataset\2020091500.jpg,1,2020091500
1248,dataset\2020091512.jpg,1,2020091512
1249,dataset\2020091600.jpg,1,2020091600
1250,dataset\2020091612.jpg,5,2020091612
1251,dataset\2020091700.jpg,5,2020091700
1252,dataset\2020091712.jpg,5,2020091712
1253,dataset\2020091800.jpg,1,2020091800
1254,dataset\2020091812.jpg,5,2020091812
1255,dataset\2020091900.jpg,1,2020091900
1256,dataset\2020091912.jpg,5,2020091912
1257,dataset\2020092000.jpg,1,2020092000
1258,dataset\2020092012.jpg,1,2020092012
1259,dataset\2020092100.jpg,1,2020092100
1260,dataset\2020092112.jpg,5,2020092112
1261,dataset\2020092200.jpg,5,2020092200
1262,dataset\2020092212.jpg,5,2020092212
1263,dataset\2020092300.jpg,5,2020092300
1264,dataset\2020092312.jpg,5,2020092312
1265,dataset\2020092400.jpg,5,2020092400
1266,dataset\2020092412.jpg,5,2020092412
1267,dataset\2020092500.jpg,5,2020092500
1268,dataset\2020092512.jpg,5,2020092512
1269,dataset\2020092600.jpg,5,2020092600
1270,dataset\2020092612.jpg,5,2020092612
1271,dataset\2020092700.jpg,1,2020092700
1272,dataset\2020092712.jpg,5,2020092712
1273,dataset\2020092800.jpg,5,2020092800
1274,dataset\2020092812.jpg,5,2020092812
1275,dataset\2020092900.jpg,5,2020092900
1276,dataset\2020092912.jpg,0,2020092912
1277,dataset\2020093000.jpg,5,2020093000
1278,dataset\2020093012.jpg,5,2020093012
1279,dataset\2020100100.jpg,5,2020100100
1280,dataset\2020100112.jpg,1,2020100112
1281,dataset\2020100200.jpg,5,2020100200
1282,dataset\2020100212.jpg,5,2020100212
1283,dataset\2020100300.jpg,1,2020100300
1284,dataset\2020100312.jpg,5,2020100312
1285,dataset\2020100400.jpg,1,2020100400
1286,dataset\2020100412.jpg,1,2020100412
1287,dataset\2020100500.jpg,1,2020100500
1288,dataset\2020100512.jpg,1,2020100512
1289,dataset\2020100600.jpg,1,2020100600
1290,dataset\2020100612.jpg,1,2020100612
1291,dataset\2020100700.jpg,5,2020100700
1292,dataset\2020100712.jpg,5,2020100712
1293,dataset\2020100800.jpg,5,2020100800
1294,dataset\2020100812.jpg,5,2020100812
1295,dataset\2020100900.jpg,5,2020100900
1296,dataset\2020100912.jpg,5,2020100912
1297,dataset\2020101000.jpg,1,2020101000
1298,dataset\2020101012.jpg,5,2020101012
1299,dataset\2020101100.jpg,5,2020101100
1300,dataset\2020101112.jpg,5,2020101112
1301,dataset\2020101200.jpg,5,2020101200
1302,dataset\2020101212.jpg,5,2020101212
1303,dataset\2020101300.jpg,5,2020101300
1304,dataset\2020101312.jpg,0,2020101312
1305,dataset\2020101400.jpg,5,2020101400
1306,dataset\2020101412.jpg,5,2020101412
1307,dataset\2020101500.jpg,5,2020101500
1308,dataset\2020101512.jpg,1,2020101512
1309,dataset\2020101600.jpg,5,2020101600
1310,dataset\2020101612.jpg,5,2020101612
1311,dataset\2020101700.jpg,1,2020101700
1312,dataset\2020101712.jpg,0,2020101712
1313,dataset\2020101800.jpg,5,2020101800
1314,dataset\2020101812.jpg,5,2020101812
1315,dataset\2020101900.jpg,5,2020101900
1316,dataset\2020101912.jpg,5,2020101912
1317,dataset\2020102000.jpg,1,2020102000
1318,dataset\2020102012.jpg,1,2020102012
1319,dataset\2020102100.jpg,1,2020102100
1320,dataset\2020102112.jpg,1,2020102112
1321,dataset\2020102200.jpg,1,2020102200
1322,dataset\2020102212.jpg,5,2020102212
1323,dataset\2020102300.jpg,1,2020102300
1324,dataset\2020102312.jpg,5,2020102312
1325,dataset\2020102400.jpg,1,2020102400
1326,dataset\2020102412.jpg,5,2020102412
1327,dataset\2020102500.jpg,5,2020102500
1328,dataset\2020102512.jpg,1,2020102512
1329,dataset\2020102600.jpg,1,2020102600
1330,dataset\2020102612.jpg,1,2020102612
1331,dataset\2020102700.jpg,1,2020102700
1332,dataset\2020102712.jpg,1,2020102712
1333,dataset\2020102800.jpg,1,2020102800
1334,dataset\2020102812.jpg,5,2020102812
1335,dataset\2020102900.jpg,5,2020102900
1336,dataset\2020102912.jpg,5,2020102912
1337,dataset\2020103000.jpg,5,2020103000
1338,dataset\2020103012.jpg,5,2020103012
1339,dataset\2020103100.jpg,5,2020103100
1340,dataset\2020103112.jpg,5,2020103112
1341,dataset\2020110100.jpg,5,2020110100
1342,dataset\2020110112.jpg,1,2020110112
1343,dataset\2020110200.jpg,1,2020110200
1344,dataset\2020110212.jpg,5,2020110212
1345,dataset\2020110300.jpg,1,2020110300
1346,dataset\2020110312.jpg,1,2020110312
1347,dataset\2020110400.jpg,1,2020110400
1348,dataset\2020110412.jpg,5,2020110412
1349,dataset\2020110500.jpg,1,2020110500
1350,dataset\2020110512.jpg,5,2020110512
1351,dataset\2020110600.jpg,5,2020110600
1352,dataset\2020110612.jpg,5,2020110612
1353,dataset\2020110700.jpg,1,2020110700
1354,dataset\2020110712.jpg,1,2020110712
1355,dataset\2020110800.jpg,1,2020110800
1356,dataset\2020110812.jpg,1,2020110812
1357,dataset\2020110900.jpg,1,2020110900
1358,dataset\2020110912.jpg,0,2020110912
1359,dataset\2020111000.jpg,0,2020111000
1360,dataset\2020111012.jpg,0,2020111012
1361,dataset\2020111100.jpg,5,2020111100
1362,dataset\2020111112.jpg,1,2020111112
1363,dataset\2020111200.jpg,1,2020111200
1364,dataset\2020111212.jpg,5,2020111212
1365,dataset\2020111300.jpg,5,2020111300
1366,dataset\2020111312.jpg,5,2020111312
1367,dataset\2020111400.jpg,1,2020111400
1368,dataset\2020111412.jpg,5,2020111412
1369,dataset\2020111500.jpg,0,2020111500
1370,dataset\2020111512.jpg,5,2020111512
1371,dataset\2020111600.jpg,5,2020111600
1372,dataset\2020111612.jpg,5,2020111612
1373,dataset\2020111700.jpg,5,2020111700
1374,dataset\2020111712.jpg,0,2020111712
1375,dataset\2020111800.jpg,5,2020111800
1376,dataset\2020111812.jpg,5,2020111812
1377,dataset\2020111900.jpg,5,2020111900
1378,dataset\2020111912.jpg,1,2020111912
1379,dataset\2020112000.jpg,1,2020112000
1380,dataset\2020112012.jpg,1,2020112012
1381,dataset\2020112100.jpg,1,2020112100
1382,dataset\2020112112.jpg,1,2020112112
1383,dataset\2020112200.jpg,1,2020112200
1384,dataset\2020112212.jpg,1,2020112212
1385,dataset\2020112300.jpg,1,2020112300
1386,dataset\2020112312.jpg,1,2020112312
1387,dataset\2020112400.jpg,1,2020112400
1388,dataset\2020112412.jpg,1,2020112412
1389,dataset\2020112500.jpg,5,2020112500
1390,dataset\2020112512.jpg,5,2020112512
1391,dataset\2020112600.jpg,5,2020112600
1392,dataset\2020112612.jpg,1,2020112612
1393,dataset\2020112700.jpg,5,2020112700
1394,dataset\2020112712.jpg,5,2020112712
1395,dataset\2020112800.jpg,1,2020112800
1396,dataset\2020112812.jpg,1,2020112812
1397,dataset\2020112900.jpg,1,2020112900
1398,dataset\2020112912.jpg,1,2020112912
1399,dataset\2020113000.jpg,1,2020113000
1400,dataset\2020113012.jpg,1,2020113012
1401,dataset\2020120100.jpg,1,2020120100
1402,dataset\2020120112.jpg,1,2020120112
1403,dataset\2020120200.jpg,1,2020120200
1404,dataset\2020120212.jpg,1,2020120212
1405,dataset\2020120300.jpg,1,2020120300
1406,dataset\2020120312.jpg,1,2020120312
1407,dataset\2020120400.jpg,1,2020120400
1408,dataset\2020120412.jpg,0,2020120412
1409,dataset\2020120500.jpg,0,2020120500
1410,dataset\2020120512.jpg,1,2020120512
1411,dataset\2020120600.jpg,1,2020120600
1412,dataset\2020120612.jpg,1,2020120612
1413,dataset\2020120700.jpg,1,2020120700
1414,dataset\2020120712.jpg,1,2020120712
1415,dataset\2020120800.jpg,1,2020120800
1416,dataset\2020120812.jpg,0,2020120812
1417,dataset\2020120900.jpg,5,2020120900
1418,dataset\2020120912.jpg,0,2020120912
1419,dataset\2020121000.jpg,5,2020121000
1420,dataset\2020121012.jpg,0,2020121012
1421,dataset\2020121100.jpg,1,2020121100
1422,dataset\2020121112.jpg,5,2020121112
1423,dataset\2020121200.jpg,0,2020121200
1424,dataset\2020121212.jpg,1,2020121212
1425,dataset\2020121300.jpg,1,2020121300
1426,dataset\2020121312.jpg,1,2020121312
1427,dataset\2020121400.jpg,1,2020121400
1428,dataset\2020121412.jpg,1,2020121412
1429,dataset\2020121500.jpg,1,2020121500
1430,dataset\2020121512.jpg,1,2020121512
1431,dataset\2020121600.jpg,1,2020121600
1432,dataset\2020121612.jpg,5,2020121612
1433,dataset\2020121700.jpg,1,2020121700
1434,dataset\2020121712.jpg,1,2020121712
1435,dataset\2020121800.jpg,1,2020121800
1436,dataset\2020121812.jpg,1,2020121812
1437,dataset\2020121900.jpg,1,2020121900
1438,dataset\2020121912.jpg,1,2020121912
1439,dataset\2020122000.jpg,1,2020122000
1440,dataset\2020122012.jpg,5,2020122012
1441,dataset\2020122100.jpg,5,2020122100
1442,dataset\2020122112.jpg,5,2020122112
1443,dataset\2020122200.jpg,5,2020122200
1444,dataset\2020122212.jpg,5,2020122212
1445,dataset\2020122300.jpg,1,2020122300
1446,dataset\2020122312.jpg,5,2020122312
1447,dataset\2020122400.jpg,5,2020122400
1448,dataset\2020122412.jpg,5,2020122412
1449,dataset\2020122500.jpg,1,2020122500
1450,dataset\2020122512.jpg,1,2020122512
1451,dataset\2020122600.jpg,5,2020122600
1452,dataset\2020122612.jpg,0,2020122612
1453,dataset\2020122700.jpg,5,2020122700
1454,dataset\2020122712.jpg,5,2020122712
1455,dataset\2020122800.jpg,5,2020122800
1456,dataset\2020122812.jpg,1,2020122812
1457,dataset\2020122900.jpg,1,2020122900
1458,dataset\2020122912.jpg,1,2020122912
1459,dataset\2020123000.jpg,1,2020123000
1460,dataset\2020123012.jpg,1,2020123012
1461,dataset\2020123100.jpg,1,2020123100
1462,dataset\2020123112.jpg,2,2020123112
1463,dataset\2021010100.jpg,0,2021010100
1464,dataset\2021010112.jpg,5,2021010112
1465,dataset\2021010200.jpg,1,2021010200
1466,dataset\2021010212.jpg,1,2021010212
1467,dataset\2021010300.jpg,1,2021010300
1468,dataset\2021010312.jpg,1,2021010312
1469,dataset\2021010400.jpg,1,2021010400
1470,dataset\2021010412.jpg,5,2021010412
1471,dataset\2021010500.jpg,5,2021010500
1472,dataset\2021010512.jpg,5,2021010512
1473,dataset\2021010600.jpg,1,2021010600
1474,dataset\2021010612.jpg,1,2021010612
1475,dataset\2021010700.jpg,1,2021010700
1476,dataset\2021010712.jpg,1,2021010712
1477,dataset\2021010800.jpg,1,2021010800
1478,dataset\2021010812.jpg,1,2021010812
1479,dataset\2021010900.jpg,1,2021010900
1480,dataset\2021010912.jpg,1,2021010912
1481,dataset\2021011000.jpg,5,2021011000
1482,dataset\2021011012.jpg,1,2021011012
1483,dataset\2021011100.jpg,1,2021011100
1484,dataset\2021011112.jpg,0,2021011112
1485,dataset\2021011200.jpg,0,2021011200
1486,dataset\2021011212.jpg,1,2021011212
1487,dataset\2021011300.jpg,1,2021011300
1488,dataset\2021011312.jpg,1,2021011312
1489,dataset\2021011400.jpg,5,2021011400
1490,dataset\2021011412.jpg,5,2021011412
1491,dataset\2021011500.jpg,0,2021011500
1492,dataset\2021011512.jpg,1,2021011512
1493,dataset\2021011600.jpg,1,2021011600
1494,dataset\2021011612.jpg,5,2021011612
1495,dataset\2021011700.jpg,1,2021011700
1496,dataset\2021011712.jpg,0,2021011712
1497,dataset\2021011800.jpg,1,2021011800
1498,dataset\2021011812.jpg,1,2021011812
1499,dataset\2021011900.jpg,1,2021011900
1500,dataset\2021011912.jpg,0,2021011912
1501,dataset\2021012000.jpg,1,2021012000
1502,dataset\2021012012.jpg,5,2021012012
1503,dataset\2021012100.jpg,1,2021012100
1504,dataset\2021012112.jpg,1,2021012112
1505,dataset\2021012200.jpg,1,2021012200
1506,dataset\2021012212.jpg,1,2021012212
1507,dataset\2021012300.jpg,1,2021012300
1508,dataset\2021012312.jpg,1,2021012312
1509,dataset\2021012400.jpg,5,2021012400
1510,dataset\2021012412.jpg,0,2021012412
1511,dataset\2021012500.jpg,5,2021012500
1512,dataset\2021012512.jpg,5,2021012512
1513,dataset\2021012600.jpg,1,2021012600
1514,dataset\2021012612.jpg,5,2021012612
1515,dataset\2021012700.jpg,0,2021012700
1516,dataset\2021012712.jpg,5,2021012712
1517,dataset\2021012800.jpg,5,2021012800
1518,dataset\2021012812.jpg,5,2021012812
1519,dataset\2021012900.jpg,5,2021012900
1520,dataset\2021012912.jpg,1,2021012912
1521,dataset\2021013000.jpg,1,2021013000
1522,dataset\2021013012.jpg,5,2021013012
1523,dataset\2021013100.jpg,1,2021013100
1524,dataset\2021013112.jpg,1,2021013112
1525,dataset\2021020100.jpg,1,2021020100
1526,dataset\2021020112.jpg,5,2021020112
1527,dataset\2021020200.jpg,1,2021020200
1528,dataset\2021020212.jpg,1,2021020212
1529,dataset\2021020300.jpg,1,2021020300
1530,dataset\2021020312.jpg,1,2021020312
1531,dataset\2021020400.jpg,5,2021020400
1532,dataset\2021020412.jpg,5,2021020412
1533,dataset\2021020500.jpg,5,2021020500
1534,dataset\2021020512.jpg,5,2021020512
1535,dataset\2021020600.jpg,0,2021020600
1536,dataset\2021020612.jpg,0,2021020612
1537,dataset\2021020700.jpg,1,2021020700
1538,dataset\2021020712.jpg,1,2021020712
1539,dataset\2021020800.jpg,1,2021020800
1540,dataset\2021020812.jpg,1,2021020812
1541,dataset\2021020900.jpg,0,2021020900
1542,dataset\2021020912.jpg,5,2021020912
1543,dataset\2021021000.jpg,5,2021021000
1544,dataset\2021021012.jpg,0,2021021012
1545,dataset\2021021100.jpg,5,2021021100
1546,dataset\2021021112.jpg,5,2021021112
1547,dataset\2021021200.jpg,5,2021021200
1548,dataset\2021021212.jpg,5,2021021212
1549,dataset\2021021300.jpg,1,2021021300
1550,dataset\2021021312.jpg,1,2021021312
1551,dataset\2021021400.jpg,1,2021021400
1552,dataset\2021021412.jpg,5,2021021412
1553,dataset\2021021500.jpg,5,2021021500
1554,dataset\2021021512.jpg,5,2021021512
1555,dataset\2021021600.jpg,1,2021021600
1556,dataset\2021021612.jpg,5,2021021612
1557,dataset\2021021700.jpg,5,2021021700
1558,dataset\2021021712.jpg,5,2021021712
1559,dataset\2021021800.jpg,1,2021021800
1560,dataset\2021021812.jpg,5,2021021812
1561,dataset\2021021900.jpg,5,2021021900
1562,dataset\2021021912.jpg,5,2021021912
1563,dataset\2021022000.jpg,1,2021022000
1564,dataset\2021022012.jpg,5,2021022012
1565,dataset\2021022100.jpg,1,2021022100
1566,dataset\2021022112.jpg,5,2021022112
1567,dataset\2021022200.jpg,5,2021022200
1568,dataset\2021022212.jpg,5,2021022212
1569,dataset\2021022300.jpg,5,2021022300
1570,dataset\2021022312.jpg,5,2021022312
1571,dataset\2021022400.jpg,5,2021022400
1572,dataset\2021022412.jpg,1,2021022412
1573,dataset\2021022500.jpg,5,2021022500
1574,dataset\2021022512.jpg,1,2021022512
1575,dataset\2021022600.jpg,5,2021022600
1576,dataset\2021022612.jpg,5,2021022612
1577,dataset\2021022700.jpg,5,2021022700
1578,dataset\2021022712.jpg,5,2021022712
1579,dataset\2021022800.jpg,1,2021022800
1580,dataset\2021022812.jpg,1,2021022812
1581,dataset\2021030100.jpg,1,2021030100
1582,dataset\2021030112.jpg,5,2021030112
1583,dataset\2021030200.jpg,5,2021030200
1584,dataset\2021030212.jpg,5,2021030212
1585,dataset\2021030300.jpg,1,2021030300
1586,dataset\2021030312.jpg,5,2021030312
1587,dataset\2021030400.jpg,5,2021030400
1588,dataset\2021030412.jpg,1,2021030412
1589,dataset\2021030500.jpg,1,2021030500
1590,dataset\2021030512.jpg,5,2021030512
1591,dataset\2021030600.jpg,5,2021030600
1592,dataset\2021030612.jpg,5,2021030612
1593,dataset\2021030700.jpg,1,2021030700
1594,dataset\2021030712.jpg,5,2021030712
1595,dataset\2021030800.jpg,1,2021030800
1596,dataset\2021030812.jpg,1,2021030812
1597,dataset\2021030900.jpg,0,2021030900
1598,dataset\2021030912.jpg,5,2021030912
1599,dataset\2021031000.jpg,0,2021031000
1600,dataset\2021031012.jpg,1,2021031012
1601,dataset\2021031100.jpg,5,2021031100
1602,dataset\2021031112.jpg,1,2021031112
1603,dataset\2021031200.jpg,1,2021031200
1604,dataset\2021031212.jpg,5,2021031212
1605,dataset\2021031300.jpg,5,2021031300
1606,dataset\2021031312.jpg,0,2021031312
1607,dataset\2021031400.jpg,0,2021031400
1608,dataset\2021031412.jpg,1,2021031412
1609,dataset\2021031500.jpg,1,2021031500
1610,dataset\2021031512.jpg,5,2021031512
1611,dataset\2021031600.jpg,5,2021031600
1612,dataset\2021031612.jpg,5,2021031612
1613,dataset\2021031700.jpg,0,2021031700
1614,dataset\2021031712.jpg,5,2021031712
1615,dataset\2021031800.jpg,5,2021031800
1616,dataset\2021031812.jpg,5,2021031812
1617,dataset\2021031900.jpg,5,2021031900
1618,dataset\2021031912.jpg,1,2021031912
1619,dataset\2021032000.jpg,1,2021032000
1620,dataset\2021032012.jpg,1,2021032012
1621,dataset\2021032100.jpg,5,2021032100
1622,dataset\2021032112.jpg,5,2021032112
1623,dataset\2021032200.jpg,1,2021032200
1624,dataset\2021032212.jpg,5,2021032212
1625,dataset\2021032300.jpg,1,2021032300
1626,dataset\2021032312.jpg,1,2021032312
1627,dataset\2021032400.jpg,5,2021032400
1628,dataset\2021032412.jpg,1,2021032412
1629,dataset\2021032500.jpg,5,2021032500
1630,dataset\2021032512.jpg,1,2021032512
1631,dataset\2021032600.jpg,5,2021032600
1632,dataset\2021032612.jpg,5,2021032612
1633,dataset\2021032700.jpg,1,2021032700
1634,dataset\2021032712.jpg,1,2021032712
1635,dataset\2021032800.jpg,1,2021032800
1636,dataset\2021032812.jpg,5,2021032812
1637,dataset\2021032900.jpg,5,2021032900
1638,dataset\2021032912.jpg,5,2021032912
1639,dataset\2021033000.jpg,5,2021033000
1640,dataset\2021033012.jpg,5,2021033012
1641,dataset\2021033100.jpg,1,2021033100
1642,dataset\2021033112.jpg,5,2021033112
1643,dataset\2021040100.jpg,5,2021040100
1644,dataset\2021040112.jpg,1,2021040112
1645,dataset\2021040200.jpg,5,2021040200
1646,dataset\2021040212.jpg,5,2021040212
1647,dataset\2021040300.jpg,1,2021040300
1648,dataset\2021040312.jpg,1,2021040312
1649,dataset\2021040400.jpg,1,2021040400
1650,dataset\2021040412.jpg,5,2021040412
1651,dataset\2021040500.jpg,1,2021040500
1652,dataset\2021040512.jpg,5,2021040512
1653,dataset\2021040600.jpg,1,2021040600
1654,dataset\2021040612.jpg,5,2021040612
1655,dataset\2021040700.jpg,5,2021040700
1656,dataset\2021040712.jpg,5,2021040712
1657,dataset\2021040800.jpg,5,2021040800
1658,dataset\2021040812.jpg,5,2021040812
1659,dataset\2021040900.jpg,5,2021040900
1660,dataset\2021040912.jpg,5,2021040912
1661,dataset\2021041000.jpg,5,2021041000
1662,dataset\2021041012.jpg,5,2021041012
1663,dataset\2021041100.jpg,0,2021041100
1664,dataset\2021041112.jpg,1,2021041112
1665,dataset\2021041200.jpg,1,2021041200
1666,dataset\2021041212.jpg,1,2021041212
1667,dataset\2021041300.jpg,5,2021041300
1668,dataset\2021041312.jpg,5,2021041312
1669,dataset\2021041400.jpg,5,2021041400
1670,dataset\2021041412.jpg,5,2021041412
1671,dataset\2021041500.jpg,1,2021041500
1672,dataset\2021041512.jpg,1,2021041512
1673,dataset\2021041600.jpg,1,2021041600
1674,dataset\2021041612.jpg,5,2021041612
1675,dataset\2021041700.jpg,5,2021041700
1676,dataset\2021041712.jpg,5,2021041712
1677,dataset\2021041800.jpg,5,2021041800
1678,dataset\2021041812.jpg,5,2021041812
1679,dataset\2021041900.jpg,5,2021041900
1680,dataset\2021041912.jpg,5,2021041912
1681,dataset\2021042000.jpg,5,2021042000
1682,dataset\2021042012.jpg,1,2021042012
1683,dataset\2021042100.jpg,5,2021042100
1684,dataset\2021042112.jpg,5,2021042112
1685,dataset\2021042200.jpg,5,2021042200
1686,dataset\2021042212.jpg,5,2021042212
1687,dataset\2021042300.jpg,5,2021042300
1688,dataset\2021042312.jpg,5,2021042312
1689,dataset\2021042400.jpg,5,2021042400
1690,dataset\2021042412.jpg,5,2021042412
1691,dataset\2021042500.jpg,5,2021042500
1692,dataset\2021042512.jpg,5,2021042512
1693,dataset\2021042600.jpg,1,2021042600
1694,dataset\2021042612.jpg,5,2021042612
1695,dataset\2021042700.jpg,1,2021042700
1696,dataset\2021042712.jpg,5,2021042712
1697,dataset\2021042800.jpg,5,2021042800
1698,dataset\2021042812.jpg,5,2021042812
1699,dataset\2021042900.jpg,5,2021042900
1700,dataset\2021042912.jpg,5,2021042912
1701,dataset\2021043000.jpg,5,2021043000
1702,dataset\2021043012.jpg,5,2021043012
1703,dataset\2021050100.jpg,5,2021050100
1704,dataset\2021050112.jpg,1,2021050112
1705,dataset\2021050200.jpg,5,2021050200
1706,dataset\2021050212.jpg,5,2021050212
1707,dataset\2021050300.jpg,1,2021050300
1708,dataset\2021050312.jpg,1,2021050312
1709,dataset\2021050400.jpg,1,2021050400
1710,dataset\2021050412.jpg,0,2021050412
1711,dataset\2021050500.jpg,5,2021050500
1712,dataset\2021050512.jpg,1,2021050512
1713,dataset\2021050600.jpg,1,2021050600
1714,dataset\2021050612.jpg,1,2021050612
1715,dataset\2021050700.jpg,1,2021050700
1716,dataset\2021050712.jpg,5,2021050712
1717,dataset\2021050800.jpg,5,2021050800
1718,dataset\2021050812.jpg,5,2021050812
1719,dataset\2021050900.jpg,5,2021050900
1720,dataset\2021050912.jpg,5,2021050912
1721,dataset\2021051000.jpg,5,2021051000
1722,dataset\2021051012.jpg,5,2021051012
1723,dataset\2021051100.jpg,1,2021051100
1724,dataset\2021051112.jpg,5,2021051112
1725,dataset\2021051200.jpg,5,2021051200
1726,dataset\2021051212.jpg,5,2021051212
1727,dataset\2021051300.jpg,5,2021051300
1728,dataset\2021051312.jpg,5,2021051312
1729,dataset\2021051400.jpg,5,2021051400
1730,dataset\2021051412.jpg,5,2021051412
1731,dataset\2021051500.jpg,5,2021051500
1732,dataset\2021051512.jpg,5,2021051512
1733,dataset\2021051600.jpg,1,2021051600
1734,dataset\2021051612.jpg,1,2021051612
1735,dataset\2021051700.jpg,5,2021051700
1736,dataset\2021051712.jpg,5,2021051712
1737,dataset\2021051800.jpg,5,2021051800
1738,dataset\2021051812.jpg,5,2021051812
1739,dataset\2021051900.jpg,5,2021051900
1740,dataset\2021051912.jpg,1,2021051912
1741,dataset\2021052000.jpg,5,2021052000
1742,dataset\2021052012.jpg,5,2021052012
1743,dataset\2021052100.jpg,5,2021052100
1744,dataset\2021052112.jpg,5,2021052112
1745,dataset\2021052200.jpg,5,2021052200
1746,dataset\2021052212.jpg,5,2021052212
1747,dataset\2021052300.jpg,5,2021052300
1748,dataset\2021052312.jpg,1,2021052312
1749,dataset\2021052400.jpg,1,2021052400
1750,dataset\2021052412.jpg,5,2021052412
1751,dataset\2021052500.jpg,5,2021052500
1752,dataset\2021052512.jpg,1,2021052512
1753,dataset\2021052600.jpg,5,2021052600
1754,dataset\2021052612.jpg,1,2021052612
1755,dataset\2021052700.jpg,5,2021052700
1756,dataset\2021052712.jpg,0,2021052712
1757,dataset\2021052800.jpg,5,2021052800
1758,dataset\2021052812.jpg,5,2021052812
1759,dataset\2021052900.jpg,5,2021052900
1760,dataset\2021052912.jpg,5,2021052912
1761,dataset\2021053000.jpg,5,2021053000
1762,dataset\2021053012.jpg,5,2021053012
1763,dataset\2021053100.jpg,5,2021053100
1764,dataset\2021053112.jpg,5,2021053112
1765,dataset\2021060100.jpg,5,2021060100
1766,dataset\2021060112.jpg,5,2021060112
1767,dataset\2021060200.jpg,1,2021060200
1768,dataset\2021060212.jpg,5,2021060212
1769,dataset\2021060300.jpg,5,2021060300
1770,dataset\2021060312.jpg,5,2021060312
1771,dataset\2021060400.jpg,5,2021060400
1772,dataset\2021060412.jpg,5,2021060412
1773,dataset\2021060500.jpg,5,2021060500
1774,dataset\2021060512.jpg,5,2021060512
1775,dataset\2021060600.jpg,5,2021060600
1776,dataset\2021060612.jpg,5,2021060612
1777,dataset\2021060700.jpg,1,2021060700
1778,dataset\2021060712.jpg,1,2021060712
1779,dataset\2021060800.jpg,1,2021060800
1780,dataset\2021060812.jpg,5,2021060812
1781,dataset\2021060900.jpg,5,2021060900
1782,dataset\2021060912.jpg,5,2021060912
1783,dataset\2021061000.jpg,5,2021061000
1784,dataset\2021061012.jpg,5,2021061012
1785,dataset\2021061100.jpg,5,2021061100
1786,dataset\2021061112.jpg,5,2021061112
1787,dataset\2021061200.jpg,5,2021061200
1788,dataset\2021061212.jpg,5,2021061212
1789,dataset\2021061300.jpg,5,2021061300
1790,dataset\2021061312.jpg,5,2021061312
1791,dataset\2021061400.jpg,5,2021061400
1792,dataset\2021061412.jpg,5,2021061412
1793,dataset\2021061500.jpg,5,2021061500
1794,dataset\2021061512.jpg,5,2021061512
1795,dataset\2021061600.jpg,1,2021061600
1796,dataset\2021061612.jpg,5,2021061612
1797,dataset\2021061700.jpg,5,2021061700
1798,dataset\2021061712.jpg,0,2021061712
1799,dataset\2021061800.jpg,1,2021061800
1800,dataset\2021061812.jpg,5,2021061812
1801,dataset\2021061900.jpg,5,2021061900
1802,dataset\2021061912.jpg,5,2021061912
1803,dataset\2021062000.jpg,0,2021062000
1804,dataset\2021062012.jpg,0,2021062012
1805,dataset\2021062100.jpg,1,2021062100
1806,dataset\2021062112.jpg,5,2021062112
1807,dataset\2021062200.jpg,5,2021062200
1808,dataset\2021062212.jpg,5,2021062212
1809,dataset\2021062300.jpg,5,2021062300
1810,dataset\2021062312.jpg,5,2021062312
1811,dataset\2021062400.jpg,5,2021062400
1812,dataset\2021062412.jpg,5,2021062412
1813,dataset\2021062500.jpg,1,2021062500
1814,dataset\2021062512.jpg,1,2021062512
1815,dataset\2021062600.jpg,5,2021062600
1816,dataset\2021062612.jpg,5,2021062612
1817,dataset\2021062700.jpg,5,2021062700
1818,dataset\2021062712.jpg,5,2021062712
1819,dataset\2021062800.jpg,5,2021062800
1820,dataset\2021062812.jpg,5,2021062812
1821,dataset\2021062900.jpg,5,2021062900
1822,dataset\2021062912.jpg,5,2021062912
1823,dataset\2021063000.jpg,1,2021063000
1824,dataset\2021063012.jpg,5,2021063012
1825,dataset\data.jpg,5,data
